일자,시가,고가,저가,종가,거래량,등락률,기관 합계,기타법인,개인,외국인 합계,전체,공매도,공매도비중,공매도잔고,공매도잔고비중
2026-02-13,343500,346500,338500,345000,89388,-1.0043041606886656,2620.0,476.0,-7513.0,4417.0,0.0,12681.0,10.649999618530273,79080.0,0.7599999904632568
2026-02-12,350000,352000,342500,348500,135670,1.455604075691412,-6081.0,1157.0,15521.0,-10597.0,0.0,29616.0,17.350000381469727,79080.0,0.7599999904632568
2026-02-11,342500,349000,337750,343500,128643,2.080237741456166,8945.0,230.0,4391.0,-13566.0,0.0,13646.0,7.460000038146973,79080.0,0.7599999904632568
2026-02-10,332500,350500,332500,336500,189924,-0.1483679525222552,34707.0,-226.0,-35852.0,1371.0,0.0,7902.0,2.930000066757202,72990.0,0.699999988079071
2026-02-09,339000,344000,325500,337000,257324,-0.8823529411764706,-18999.0,157.0,37932.0,-19090.0,0.0,16132.0,4.610000133514404,67465.0,0.6499999761581421
2026-02-06,326000,349500,312000,340000,382187,1.040118870728083,-25791.0,-764.0,23162.0,3393.0,0.0,9961.0,1.7699999809265137,50614.0,0.49000000953674316
2026-02-05,386000,389500,331500,336500,1126731,-23.435722411831627,-310928.0,10401.0,713035.0,-412508.0,0.0,84430.0,5.570000171661377,77784.0,0.75
2026-02-04,450500,457000,432000,439500,146710,-2.3333333333333335,-14149.0,-463.0,35221.0,-20609.0,0.0,7105.0,3.740000009536743,3089.0,0.029999999329447746
2026-02-03,444500,450000,430500,450000,219474,6.508875739644971,32467.0,410.0,-13704.0,-19173.0,0.0,10257.0,3.809999942779541,3044.0,0.029999999329447746
2026-02-02,456000,464500,420000,422500,350457,-10.770855332629356,-109644.0,-2383.0,75949.0,36078.0,0.0,11316.0,2.450000047683716,2756.0,0.0299999993294477
2026-01-30,540000,542000,464500,473500,489054,-11.329588014981272,-6313.0,-4337.0,60747.0,-50097.0,0.0,8537.0,1.3200000524520874,2152.0,0.0199999995529651
2026-01-29,541000,561000,521000,534000,327298,3.689320388349514,54910.0,5681.0,-13361.0,-47230.0,0.0,25887.0,6.349999904632568,1616.0,0.0199999995529651
2026-01-28,503000,520000,502000,515000,240928,4.887983706720977,82310.0,3015.0,-31835.0,-53490.0,0.0,19371.0,6.429999828338623,1652.0,0.0199999995529651
2026-01-27,503000,520000,486000,491000,246370,-1.996007984031936,82066.0,-6889.0,-23092.0,-52085.0,0.0,27613.0,9.220000267028809,2906.0,0.0299999993294477
2026-01-26,494000,525000,482000,501000,372037,5.807814149947202,96461.0,3418.0,-1570.0,-98309.0,0.0,34743.0,7.03000020980835,2832.0,0.0299999993294477
2026-01-23,472000,478000,463000,473500,203176,3.8377192982456143,83671.0,-113.0,-12596.0,-70962.0,0.0,22286.0,8.619999885559082,3889.0,0.0399999991059303
2026-01-22,432000,474500,419500,456000,362900,6.5420560747663545,41164.0,4850.0,-38935.0,-7079.0,0.0,16215.0,3.1700000762939453,7167.0,0.0700000002980232
2026-01-21,411000,437500,410500,428000,224015,0.8244994110718492,36702.0,3847.0,-24443.0,-16106.0,0.0,9709.0,3.390000104904175,7851.0,0.0799999982118606
2026-01-20,424500,433000,418500,424500,143527,1.3126491646778042,28876.0,-962.0,-5683.0,-22231.0,0.0,6840.0,3.609999895095825,8908.0,0.0900000035762786
2026-01-19,425500,426000,415500,419000,78687,-0.356718192627824,-12358.0,20.0,21553.0,-9215.0,0.0,2826.0,2.650000095367432,8639.0,0.0799999982118606
2026-01-16,426000,431500,415500,420500,125887,-1.1750881316098707,947.0,-111.0,8618.0,-9454.0,0.0,6326.0,3.7899999618530273,8370.0,0.0799999982118606
2026-01-15,446000,447000,421500,425500,143393,-3.5147392290249435,0.0,0.0,0.0,0.0,0.0,0.0,0.0,0.0,0.0
2026-01-14,441500,447000,435000,441000,111807,2.558139534883721,0.0,0.0,0.0,0.0,0.0,0.0,0.0,0.0,0.0
2026-01-13,452500,457000,427000,430000,194532,-4.761904761904762,0.0,0.0,0.0,0.0,0.0,0.0,0.0,0.0,0.0
2026-01-12,475000,478000,449500,451500,249287,-7.194244604316546,0.0,0.0,0.0,0.0,0.0,0.0,0.0,0.0,0.0
2026-01-09,479000,492500,472500,486500,258235,5.189189189189189,0.0,0.0,0.0,0.0,0.0,0.0,0.0,0.0,0.0
2026-01-08,448000,472500,445500,462500,298665,6.9364161849710975,0.0,0.0,0.0,0.0,0.0,0.0,0.0,0.0,0.0
2026-01-07,435500,439500,417500,432500,139141,-0.115473441108545,0.0,0.0,0.0,0.0,0.0,0.0,0.0,0.0,0.0
2026-01-06,428000,452500,420000,433000,187988,3.2181168057210967,0.0,0.0,0.0,0.0,0.0,0.0,0.0,0.0,0.0
2026-01-05,432000,432000,410000,419500,147363,-3.3410138248847927,0.0,0.0,0.0,0.0,0.0,0.0,0.0,0.0,0.0
2026-01-02,430000,447500,419500,434000,268671,7.6923076923076925,0.0,0.0,0.0,0.0,0.0,0.0,0.0,0.0,0.0
2025-12-30,400000,409000,396000,403000,73118,0.6242197253433208,0.0,0.0,0.0,0.0,0.0,0.0,0.0,0.0,0.0
2025-12-29,381500,404000,381500,400500,117302,5.812417437252312,0.0,0.0,0.0,0.0,0.0,0.0,0.0,0.0,0.0
2025-12-26,399000,400000,376000,378500,109420,-4.41919191919192,0.0,0.0,0.0,0.0,0.0,0.0,0.0,0.0,0.0
2025-12-24,399000,406000,389500,396000,76348,-0.5025125628140703,0.0,0.0,0.0,0.0,0.0,0.0,0.0,0.0,0.0
2025-12-23,403000,404000,394000,398000,80043,0.6321112515802781,0.0,0.0,0.0,0.0,0.0,0.0,0.0,0.0,0.0
2025-12-22,394500,404500,389000,395500,123253,3.669724770642202,30226.0,969.0,-8985.0,-22210.0,0.0,6020.0,3.5199999809265137,25927.0,0.25
2025-12-19,376500,393500,370500,381500,119361,2.278820375335121,4707.0,431.0,2839.0,-7977.0,0.0,8441.0,5.559999942779541,32760.0,0.3199999928474426
2025-12-18,374000,378500,367000,373000,57417,-0.4005340453938585,0.0,0.0,0.0,0.0,0.0,0.0,0.0,0.0,0.0
2025-12-17,380500,383500,371500,374500,69364,-0.5312084993359893,0.0,0.0,0.0,0.0,0.0,0.0,0.0,0.0,0.0
2025-12-16,381000,381000,367500,376500,127555,-1.0512483574244416,0.0,0.0,0.0,0.0,0.0,0.0,0.0,0.0,0.0
2025-12-15,387000,387500,380000,380500,90153,-3.4263959390862944,-19404.0,-232.0,25683.0,-6047.0,0.0,2226.0,2.0,29854.0,0.2899999916553497
2025-12-12,391000,402000,389500,394000,94621,2.4707412223667102,24030.0,-340.0,-14559.0,-9131.0,0.0,5099.0,3.700000047683716,29467.0,0.2800000011920929
2025-12-11,390000,404500,383500,384500,164106,-0.38860103626943,-18527.0,1287.0,8639.0,8601.0,0.0,3181.0,1.409999966621399,28602.0,0.2800000011920929
2025-12-10,386500,387500,380000,386000,104807,-0.7712082262210797,-16321.0,-1681.0,-7600.0,25602.0,0.0,8887.0,6.179999828338623,27854.0,0.270000010728836
2025-12-09,392500,396500,383500,389000,106754,-0.89171974522293,-11872.0,-2895.0,11355.0,3412.0,0.0,2612.0,1.7799999713897705,19593.0,0.1899999976158142
2025-12-08,402000,402000,386000,392500,129223,-2.2415940224159403,-16306.0,-1936.0,12952.0,5290.0,0.0,4126.0,2.3299999237060547,19717.0,0.1899999976158142
2025-12-05,407500,412000,398500,401500,104024,-2.311435523114356,-12080.0,-1067.0,-6374.0,19521.0,0.0,1335.0,0.9300000071525574,19075.0,0.1800000071525573
2025-12-04,412000,412000,396500,411000,186676,-0.3636363636363636,-27867.0,292.0,-84.0,27659.0,0.0,11258.0,4.539999961853027,18302.0,0.1800000071525573
2025-12-03,418000,418500,408000,412500,98914,-2.019002375296912,-7924.0,-235.0,907.0,7252.0,0.0,8360.0,5.590000152587891,12613.0,0.1199999973177909
2025-12-02,403500,422000,395500,421000,209439,5.646173149309912,16120.0,3447.0,-37723.0,18156.0,0.0,5493.0,1.7000000476837158,9409.0,0.0900000035762786
2025-12-01,480000,489500,384500,398500,578672,-15.212765957446807,-103774.0,-6335.0,177515.0,-67406.0,0.0,21764.0,2.539999961853028,8162.0,0.0799999982118606
2025-11-28,447500,487500,447500,470000,222055,6.214689265536723,117577.0,991.0,-54171.0,-64397.0,0.0,8143.0,2.869999885559082,7928.0,0.0799999982118606
2025-11-27,422500,449500,421500,442500,98607,5.357142857142857,26401.0,901.0,-24296.0,-3006.0,0.0,2300.0,1.7999999523162842,12649.0,0.1199999973177909
2025-11-26,407500,423500,403500,420000,108155,3.067484662576687,4982.0,151.0,-22417.0,17284.0,0.0,7159.0,5.329999923706055,14065.0,0.1400000005960464
2025-11-25,422500,424000,402000,407500,164743,-2.511961722488038,-10903.0,611.0,2123.0,8169.0,0.0,15683.0,7.329999923706055,16418.0,0.1599999964237213
2025-11-24,468500,469000,417500,418000,198214,-9.327548806941431,2935.0,506.0,47894.0,-51335.0,0.0,7123.0,2.690000057220459,16930.0,0.1599999964237213
2025-11-21,466500,474000,458500,461000,78320,-3.354297693920336,16277.0,-372.0,17193.0,-33098.0,0.0,1521.0,1.559999942779541,17572.0,0.1700000017881393
2025-11-20,447500,496000,444500,477000,186090,6.711409395973154,42486.0,1813.0,-24496.0,-19803.0,0.0,7464.0,2.930000066757202,18706.0,0.1800000071525573
2025-11-19,455500,456500,440000,447000,59705,-0.776914539400666,4167.0,-1878.0,208.0,-2497.0,0.0,1625.0,2.259999990463257,30405.0,0.2899999916553497
2025-11-18,471000,472000,449500,450500,144278,-2.065217391304348,25069.0,-1864.0,21312.0,-44517.0,0.0,3334.0,1.9299999475479128,30242.0,0.2899999916553497
2025-11-17,464000,481000,455000,460000,157908,1.7699115044247788,15184.0,-1158.0,-2423.0,-11603.0,0.0,3210.0,1.5800000429153442,31333.0,0.3000000119209289
2025-11-14,441000,479000,437000,452000,168789,0.8928571428571428,15100.0,-685.0,16530.0,-30945.0,0.0,4960.0,2.190000057220459,31902.0,0.3100000023841858
2025-11-13,438500,472000,436000,448000,243303,3.1070195627157653,14090.0,940.0,-7521.0,-7509.0,0.0,3819.0,1.190000057220459,30800.0,0.3000000119209289
2025-11-12,444000,456000,410000,434500,404982,-1.25,-98333.0,-350.0,45326.0,53357.0,0.0,12370.0,2.299999952316284,29542.0,0.2800000011920929
2025-11-11,509000,528000,434000,440000,389128,-11.200807265388496,-39081.0,1337.0,53167.0,-15423.0,0.0,15109.0,2.8299999237060547,20424.0,0.2000000029802322
2025-11-10,485500,502000,457000,495500,149139,1.4329580348004094,-42787.0,-1229.0,11998.0,32018.0,0.0,3570.0,1.7699999809265137,17887.0,0.1700000017881393
2025-11-07,493500,505000,480500,488500,77417,-1.1133603238866396,-13721.0,442.0,-4397.0,17676.0,0.0,2393.0,2.5299999713897705,16439.0,0.1599999964237213
2025-11-06,517000,520000,480000,494000,139487,-2.755905511811024,-35974.0,-249.0,-4061.0,40284.0,0.0,1772.0,1.0,16882.0,0.1599999964237213
2025-11-05,527000,527000,499500,508000,101962,-4.868913857677903,-22377.0,-2699.0,11325.0,13751.0,0.0,2357.0,1.7599999904632568,16579.0,0.1599999964237213
2025-11-04,536000,549000,528000,534000,88023,-1.1111111111111112,-16793.0,306.0,7609.0,8878.0,0.0,7534.0,6.269999980926514,16422.0,0.1599999964237213
2025-11-03,541000,551000,534000,540000,78913,-0.1848428835489833,7599.0,-1204.0,-6754.0,359.0,0.0,3813.0,3.3299999237060547,15753.0,0.1500000059604644
2025-10-31,550000,553000,535000,541000,79929,-0.5514705882352942,2151.0,108.0,5374.0,-7633.0,0.0,6196.0,5.659999847412109,15757.0,0.1500000059604644
2025-10-30,514000,551000,510000,544000,156391,5.426356589147287,-3720.0,572.0,-22630.0,25778.0,0.0,2617.0,1.2100000381469729,15713.0,0.1500000059604644
2025-10-29,539000,540000,510000,516000,182513,-3.731343283582089,-68187.0,-832.0,7497.0,61522.0,0.0,16751.0,7.079999923706055,13498.0,0.1299999952316284
2025-10-28,537000,541000,529000,536000,71931,0.3745318352059925,-21310.0,-237.0,9995.0,11552.0,0.0,4241.0,4.590000152587891,9447.0,0.0900000035762786
2025-10-27,541000,557000,529000,534000,139064,-2.554744525547445,-49857.0,653.0,17379.0,31825.0,0.0,4344.0,2.299999952316284,10754.0,0.1000000014901161
2025-10-24,563000,564000,547000,548000,104702,-2.8368794326241136,-7514.0,-778.0,-7556.0,15848.0,0.0,1397.0,1.0299999713897705,11847.0,0.1099999994039535
2025-10-23,566000,578000,561000,564000,63402,0.1776198934280639,-403.0,1640.0,13047.0,-14284.0,0.0,2046.0,2.509999990463257,11873.0,0.1099999994039535
2025-10-22,577000,588000,561000,563000,82225,-0.7054673721340388,-742.0,-970.0,11283.0,-9571.0,0.0,4761.0,4.650000095367432,11499.0,0.1099999994039535
2025-10-21,592000,601000,567000,567000,134207,-5.813953488372093,17407.0,-416.0,12895.0,-29886.0,0.0,2522.0,1.4600000381469729,9900.0,0.1000000014901161
2025-10-20,566000,606000,564000,602000,163146,9.057971014492754,61878.0,735.0,-31524.0,-31089.0,0.0,6916.0,3.2100000381469727,8682.0,0.0799999982118606
2025-10-17,571000,584000,552000,552000,92203,-1.953818827708704,6720.0,989.0,17324.0,-25033.0,0.0,1950.0,1.659999966621399,7997.0,0.0799999982118606
2025-10-16,572000,584000,561000,563000,105548,2.550091074681238,24595.0,-1217.0,-2192.0,-21186.0,0.0,6617.0,4.739999771118164,8409.0,0.0799999982118606
2025-10-15,543000,577000,539000,549000,129051,2.808988764044944,8626.0,439.0,7168.0,-16233.0,0.0,6843.0,3.950000047683716,7755.0,0.0700000002980232
2025-10-14,559000,559000,530000,534000,84955,-4.47227191413238,-15966.0,780.0,22841.0,-7655.0,0.0,4255.0,3.650000095367432,7880.0,0.0799999982118606
2025-10-13,528000,568000,526000,559000,86113,3.136531365313653,19958.0,373.0,-19128.0,-1203.0,0.0,9980.0,8.300000190734863,3885.0,0.0399999991059303
2025-10-10,543000,547000,528000,542000,126578,-1.4545454545454546,9849.0,79.0,-8168.0,-1760.0,0.0,3688.0,2.2699999809265137,3940.0,0.0399999991059303
2025-10-02,559000,569000,541000,550000,168266,-2.9982363315696645,-28181.0,-233.0,-851.0,29265.0,0.0,3185.0,1.4600000381469729,3999.0,0.0
2025-10-01,600000,607000,552000,567000,207851,-5.657237936772046,-16677.0,2371.0,35531.0,-21225.0,0.0,5485.0,1.86,3271.0,0.0
2025-09-30,594000,605000,587000,601000,116506,3.620689655172414,29212.0,656.0,-4255.0,-25613.0,0.0,13058.0,8.53,2401.0,0.0
2025-09-29,570000,587000,565000,580000,93476,0.3460207612456747,5539.0,-430.0,-3449.0,-1660.0,0.0,2058.0,1.71,2905.0,0.0
2025-09-26,547000,580000,533000,578000,217880,5.6672760511883,29830.0,1820.0,10329.0,-41979.0,0.0,7861.0,2.71,4245.0,0.0
2025-09-25,566000,569000,540000,547000,200378,-4.035087719298246,-62202.0,1283.0,-8856.0,69775.0,0.0,5598.0,2.22,6888.0,0.0
2025-09-24,577000,587000,565000,570000,123018,-1.7241379310344829,-13914.0,531.0,-7331.0,20714.0,0.0,11787.0,7.86,4512.0,0.0
2025-09-23,595000,607000,577000,580000,160643,-4.761904761904762,-22696.0,1953.0,8051.0,12692.0,0.0,14050.0,6.71,6439.0,0.0
2025-09-22,596000,613000,582000,609000,134741,2.010050251256281,-7859.0,-638.0,-5818.0,14315.0,0.0,1735.0,1.02,7463.0,0.0
2025-09-19,605000,615000,585000,597000,127092,-1.8092105263157896,-24550.0,1828.0,26753.0,-4031.0,0.0,1189.0,0.73,10285.0,0.0
2025-09-18,623000,624000,603000,608000,106741,-1.777059773828756,-21185.0,225.0,16599.0,4361.0,0.0,1996.0,1.44,10676.0,0.0
2025-09-17,630000,630000,615000,619000,83144,-1.4331210191082804,-14556.0,1522.0,9448.0,3586.0,0.0,3023.0,3.05,9714.0,0.0
2025-09-16,626000,634000,615000,628000,74614,0.3194888178913738,-5846.0,600.0,-1284.0,6530.0,0.0,970.0,1.03,10880.0,0.0
2025-09-15,631000,635000,609500,626000,142521,-2.7950310559006213,-62550.0,-1919.0,3258.0,61211.0,0.0,3133.0,1.71,12172.0,0.0
2025-09-12,662000,662000,640000,644000,87219,-1.3782542113323124,-15353.0,-891.0,-3627.0,19871.0,0.0,5287.0,5.04,10171.0,0.0
2025-09-11,643000,671000,641000,653000,153215,1.87207488299532,9795.0,-1269.0,-24665.0,16139.0,0.0,10046.0,5.51,8689.0,0.0
2025-09-10,682000,692000,618000,641000,247182,-4.613095238095238,-15407.0,-2522.0,28754.0,-10825.0,0.0,12443.0,3.86,8070.0,0.0
2025-09-09,689000,696000,664000,672000,91028,-0.4444444444444444,-466.0,-1073.0,7975.0,-6436.0,0.0,898.0,0.99,5054.0,0.0
2025-09-08,641000,676000,635000,675000,78524,7.142857142857142,10141.0,737.0,-19837.0,8959.0,0.0,928.0,1.18,5024.0,0.0
2025-09-05,626000,645000,624000,630000,50281,1.2861736334405145,-3384.0,1968.0,4959.0,-3543.0,0.0,915.0,1.82,5084.0,0.0
2025-09-04,622000,647000,622000,622000,69129,0.0,-17818.0,3004.0,14674.0,140.0,0.0,797.0,1.15,5084.0,0.0
2025-09-03,650000,654000,622000,622000,93206,-5.038167938931298,-25094.0,-403.0,8108.0,17389.0,0.0,1951.0,2.09,5054.0,0.0
2025-09-02,660000,669000,645000,655000,62985,-0.6069802731411229,-17572.0,424.0,3381.0,13767.0,0.0,1031.0,1.64,5178.0,0.0
2025-09-01,680000,685000,653000,659000,73201,-3.088235294117647,-11020.0,-258.0,3616.0,7662.0,0.0,1557.0,2.13,5208.0,0.0
2025-08-29,684000,697000,660000,680000,96577,-0.5847953216374269,-4195.0,1008.0,-409.0,3596.0,0.0,952.0,0.99,7145.0,0.0
2025-08-28,700000,706000,684000,684000,39430,-2.840909090909091,484.0,-301.0,6016.0,-6199.0,0.0,1919.0,4.87,7922.0,0.0
2025-08-27,700000,704000,677000,704000,56118,-0.9845288326300984,-4937.0,-483.0,-4146.0,9566.0,0.0,2358.0,4.2,8531.0,0.0
2025-08-26,696000,713000,683000,711000,66012,2.44956772334294,-6291.0,864.0,-1278.0,6705.0,0.0,4216.0,5.35,8841.0,0.0
2025-08-25,696000,700000,685000,694000,52439,-0.8571428571428572,-13668.0,31.0,3275.0,10362.0,0.0,3407.0,5.45,9069.0,0.0
2025-08-22,689000,703000,679000,700000,63748,2.941176470588235,-8661.0,161.0,1374.0,7126.0,0.0,1276.0,1.58,9493.0,0.0
2025-08-21,656000,684000,650000,680000,66205,4.134762633996937,-4225.0,282.0,941.0,3002.0,0.0,2448.0,2.95,9319.0,0.0
2025-08-20,661000,665000,631000,653000,102424,-3.259259259259259,-13448.0,-533.0,1675.0,12306.0,0.0,1540.0,1.22,4778.0,0.0
2025-08-19,680000,691000,665000,675000,66565,1.0479041916167664,7427.0,76.0,-6875.0,-628.0,0.0,2694.0,3.32,6457.0,0.0
2025-08-18,687000,688000,665000,668000,49284,-2.3391812865497075,656.0,-924.0,-5583.0,5851.0,0.0,1586.0,2.53,7729.0,0.0
2025-08-14,671000,694000,670000,684000,88405,2.857142857142857,5271.0,-2363.0,-10452.0,7544.0,0.0,4538.0,4.26,9090.0,0.0
2025-08-13,676000,692000,656000,665000,110349,-0.5979073243647235,-4262.0,-2810.0,-26176.0,33248.0,0.0,1814.0,1.38,5314.0,0.0
2025-08-12,680000,698000,669000,669000,79137,-1.6176470588235297,-3219.0,-27.0,-8472.0,11718.0,0.0,2341.0,2.35,5344.0,0.0
2025-08-11,665000,689000,660000,680000,118688,2.409638554216868,4598.0,-614.0,-17977.0,13993.0,0.0,1545.0,1.05,5254.0,0.0
2025-08-08,605000,678000,578000,664000,315371,9.210526315789473,36749.0,-106.0,-41920.0,5277.0,0.0,6222.0,1.36,6254.0,0.0
2025-08-07,610000,615000,595000,608000,75173,1.6722408026755853,-6679.0,226.0,12620.0,-6167.0,0.0,3860.0,3.92,5964.0,0.0
2025-08-06,569000,598000,554000,598000,131949,6.028368794326241,8225.0,573.0,2205.0,-11003.0,0.0,4614.0,2.71,5964.0,0.0
2025-08-05,561000,574000,560000,564000,68103,1.6216216216216215,3815.0,-628.0,4635.0,-7822.0,0.0,3887.0,4.3,5614.0,0.0
2025-08-04,542000,562000,537000,555000,49025,0.7259528130671506,8712.0,343.0,1340.0,-10395.0,0.0,4567.0,7.58,5234.0,0.0
2025-08-01,535000,562000,525000,551000,124027,-1.0771992818671454,22891.0,-1033.0,-24590.0,2732.0,0.0,14906.0,9.37,5004.0,0.0
2025-07-31,541000,565000,536000,557000,66084,1.2727272727272727,-12643.0,325.0,-11148.0,23466.0,0.0,3144.0,3.64,5124.0,0.0
2025-07-30,558000,567000,544000,550000,46744,-2.9982363315696645,-5888.0,-1228.0,5165.0,1951.0,0.0,3164.0,5.31,4984.0,0.0
2025-07-29,544000,567000,544000,567000,70608,3.656307129798903,-5972.0,203.0,162.0,5607.0,0.0,3156.0,3.79,4924.0,0.0
2025-07-28,550000,555000,535000,547000,84621,-1.971326164874552,-15957.0,234.0,-23251.0,38974.0,0.0,1110.0,1.09,4804.0,0.0
2025-07-25,573000,575000,556000,558000,69035,-3.6269430051813454,-15618.0,31.0,13985.0,1602.0,0.0,628.0,0.73,4974.0,0.0
2025-07-24,581000,589000,568000,579000,69986,-0.6861063464837049,-14650.0,346.0,3360.0,10944.0,0.0,2353.0,2.63,4943.0,0.0
2025-07-23,581000,586000,568000,583000,65370,1.9230769230769231,-1893.0,161.0,-2544.0,4276.0,0.0,3454.0,3.98,4943.0,0.0
2025-07-22,574000,591000,569000,572000,88270,-0.3484320557491289,-7700.0,-1774.0,-12596.0,22070.0,0.0,1608.0,1.44,4943.0,0.0
2025-07-21,565000,574000,561000,574000,52646,1.2345679012345678,-2451.0,128.0,-16418.0,18741.0,0.0,920.0,1.41,4943.0,0.0
2025-07-18,580000,580000,561000,567000,77154,-1.9031141868512111,-15914.0,-607.0,-7379.0,23900.0,0.0,1200.0,1.27,5036.0,0.0
2025-07-17,574000,586000,570000,578000,57712,0.6968641114982579,-11400.0,-26.0,-5255.0,16681.0,0.0,2053.0,2.83,5067.0,0.0
2025-07-16,586000,600000,562000,574000,108624,-3.040540540540541,-19400.0,-4410.0,-6192.0,30002.0,0.0,1720.0,1.27,5129.0,0.0
2025-07-15,560000,593000,560000,592000,90992,4.593639575971731,2850.0,4499.0,-8799.0,1450.0,0.0,4048.0,3.47,5222.0,0.0
2025-07-14,566000,576000,562000,566000,51639,0.8912655971479502,1571.0,927.0,1457.0,-3955.0,0.0,2024.0,3.06,5274.0,0.0
2025-07-11,568000,579000,553000,561000,101558,0.0,-9275.0,-824.0,4447.0,5652.0,0.0,1931.0,1.48,5274.0,0.0
2025-07-10,585000,591000,559000,561000,165748,-5.555555555555555,-54289.0,-3664.0,16942.0,41011.0,0.0,4814.0,2.4,5274.0,0.0
2025-07-09,576000,597000,574000,594000,102419,1.020408163265306,-9899.0,-1680.0,-10844.0,22423.0,0.0,3058.0,2.3,5228.0,0.0
2025-07-08,527000,595000,515000,588000,529438,13.733075435203096,-69709.0,6325.0,38958.0,24426.0,0.0,9910.0,1.32,6166.0,0.0
2025-07-07,505000,526000,496500,517000,123205,4.974619289340102,-16214.0,2330.0,1205.0,12679.0,0.0,3143.0,1.95,5823.0,0.0
2025-07-04,511000,518000,489500,492500,110155,-1.4014014014014011,-9509.0,-3588.0,4925.0,8172.0,0.0,3183.0,2.23,5792.0,0.0
2025-07-03,473000,509000,473000,499500,133484,6.276595744680851,-3462.0,511.0,-2075.0,5026.0,0.0,5779.0,3.17,5916.0,0.0
2025-07-02,470500,483000,460000,470000,109710,-1.4675052410901468,-389.0,448.0,-28805.0,28746.0,0.0,2812.0,2.11,5732.0,0.0
2025-07-01,499500,515000,470500,477000,192590,-3.343465045592705,-18830.0,3766.0,19970.0,-4906.0,0.0,5044.0,2.03,5661.0,0.0
2025-06-30,487000,509000,478000,493500,91390,1.6477857878475797,3515.0,3030.0,-10013.0,3468.0,0.0,5185.0,4.37,10419.0,0.0
2025-06-27,495000,498500,478000,485500,79272,-2.8028028028028027,19358.0,298.0,-995.0,-18661.0,0.0,6867.0,7.05,13763.0,0.0
2025-06-26,476000,502000,469000,499500,133749,3.954214360041623,16034.0,1182.0,-26857.0,9641.0,0.0,3820.0,2.31,13728.0,0.0
2025-06-25,479000,487000,470000,480500,100104,1.1578947368421053,-5427.0,928.0,-6168.0,10667.0,0.0,2055.0,1.64,13960.0,0.0
2025-06-24,493000,498500,472500,475000,159456,-3.061224489795918,27613.0,74.0,11151.0,-38838.0,0.0,5279.0,2.81,11949.0,0.0
2025-06-23,447500,491000,446000,490000,173610,7.2210065645514225,26027.0,1251.0,2206.0,-29484.0,0.0,13999.0,6.1,12980.0,0.0
2025-06-20,458000,470500,456000,457000,153577,1.106194690265487,32797.0,1916.0,5345.0,-40058.0,0.0,5826.0,2.97,14915.0,0.0
2025-06-19,430000,454500,423500,452000,192303,4.62962962962963,58919.0,1232.0,-7933.0,-52218.0,0.0,9381.0,3.8,9223.0,0.0
2025-06-18,421000,438000,421000,432000,201504,2.857142857142857,16666.0,2799.0,34103.0,-53568.0,0.0,5100.0,2.08,12674.0,0.0
2025-06-17,444500,446000,418000,420000,308638,-8.296943231441048,-33560.0,-482.0,22057.0,11985.0,0.0,19848.0,4.95,1105.0,0.0
2025-06-16,450000,476000,439500,458000,502787,5.651672433679354,22955.0,-674.0,47459.0,-69740.0,0.0,10421.0,1.65,0.0,0.0
2025-06-13,457500,493500,431000,433500,897628,-17.11281070745698,95514.0,-2114.0,-86081.0,-7319.0,0.0,7312.0,0.64,0.0,0.0
2025-06-12,527000,528000,515000,523000,96596,0.3838771593090211,-14153.0,-76.0,-1222.0,15451.0,0.0,1055.0,0.98,3967.0,0.0
2025-06-11,526000,534000,510000,521000,88444,0.1923076923076923,-19216.0,-522.0,3121.0,16617.0,0.0,1452.0,1.36,4027.0,0.0
2025-06-10,510000,525000,505000,520000,84979,3.792415169660679,-4927.0,-120.0,7598.0,-2551.0,0.0,5311.0,5.34,3645.0,0.0
2025-06-09,476000,505000,470500,501000,77816,4.592901878914405,-1006.0,396.0,-18670.0,19280.0,0.0,2352.0,2.46,3502.0,0.0
2025-06-05,483500,491500,471000,479000,58050,-0.2083333333333333,-6406.0,-152.0,2480.0,4078.0,0.0,609.0,0.89,4905.0,0.0
2025-06-04,486500,499000,479000,480000,93024,1.372756071805702,-1532.0,-516.0,-7824.0,9872.0,0.0,3122.0,2.93,4973.0,0.0
2025-06-02,457000,477500,455500,473500,90541,4.988913525498892,10231.0,-1991.0,-25619.0,17379.0,0.0,2823.0,2.58,5090.0,0.0
2025-05-30,440000,451500,438500,451000,59668,1.805869074492099,895.0,-356.0,-17470.0,16931.0,0.0,1282.0,1.83,4921.0,0.0
2025-05-29,440000,444500,432000,443000,53341,1.6055045871559634,737.0,-741.0,-15944.0,15948.0,0.0,3180.0,5.12,4804.0,0.0
2025-05-28,448500,450500,435500,436000,85441,-2.89532293986637,-5158.0,-898.0,-2017.0,8073.0,0.0,5118.0,5.05,4804.0,0.0
2025-05-27,446000,449000,440000,449000,56143,0.672645739910314,-2346.0,-790.0,-10950.0,14086.0,0.0,1891.0,2.94,4931.0,0.0
2025-05-26,450000,454500,430500,446000,74653,-0.8888888888888888,-9083.0,-114.0,16225.0,-7028.0,0.0,1077.0,1.21,4878.0,0.0
2025-05-23,442500,450500,437000,450000,52701,2.1566401816118046,1246.0,61.0,-18231.0,16924.0,0.0,2196.0,3.7,5679.0,0.0
2025-05-22,437000,447000,433000,440500,49413,0.2275312855517633,-5538.0,-1264.0,-880.0,7682.0,0.0,3679.0,6.57,15322.0,0.0
2025-05-21,449500,449500,435000,439500,55044,-0.1136363636363636,3623.0,-1444.0,-3351.0,1172.0,0.0,2470.0,3.84,16224.0,0.0
2025-05-20,430000,447000,427000,440000,113766,4.142011834319527,17335.0,-2286.0,-46260.0,31211.0,0.0,5250.0,4.03,16619.0,0.0
2025-05-19,416000,425000,409500,422500,66300,1.5625,-5485.0,-330.0,-2748.0,8563.0,0.0,3785.0,5.02,20761.0,0.0
2025-05-16,410500,422500,408500,416000,74416,1.4634146341463417,7594.0,-344.0,12097.0,-19347.0,0.0,1754.0,2.36,22349.0,0.0
2025-05-15,425000,438000,407000,410000,75461,-3.187721369539551,9504.0,-3822.0,-6313.0,631.0,0.0,1342.0,1.78,25098.0,0.0
2025-05-14,407000,430000,398500,423500,85473,6.407035175879397,6736.0,-1757.0,-20320.0,15341.0,0.0,1063.0,1.24,26242.0,0.0
2025-05-13,398500,413500,370000,398000,146727,0.0,-22355.0,1958.0,29420.0,-9023.0,0.0,8788.0,5.99,27486.0,0.0
2025-05-12,409000,436000,385000,398000,124343,-0.8717310087173101,24745.0,1616.0,-18087.0,-8274.0,0.0,2284.0,1.84,27364.0,0.0
2025-05-09,393500,409000,392000,401500,55368,2.0330368487928845,6981.0,557.0,870.0,-8408.0,0.0,3612.0,6.52,27780.0,0.0
2025-05-08,380500,403000,378500,393500,93483,3.552631578947368,-12578.0,3158.0,-1533.0,10953.0,0.0,3421.0,3.66,27956.0,0.0
2025-05-07,395000,395000,374500,380000,39590,-2.4390243902439024,-3464.0,272.0,2124.0,1068.0,0.0,1380.0,3.49,28167.0,0.0
2025-05-02,382000,395000,379000,389500,58867,3.4528552456839305,6394.0,243.0,-6730.0,93.0,0.0,454.0,0.77,28399.0,0.0
2025-04-30,385000,390000,376500,376500,44360,-3.4615384615384617,-4928.0,-440.0,2409.0,2959.0,0.0,2242.0,5.05,32284.0,0.0
2025-04-29,378500,390500,372000,390000,48835,3.723404255319149,-506.0,-38.0,-4440.0,4984.0,0.0,5803.0,9.81,34770.0,0.0
2025-04-28,379500,383000,372000,376000,54453,0.133155792276964,-15140.0,-319.0,4999.0,10460.0,0.0,4100.0,6.42,35907.0,0.0
2025-04-25,376000,378500,368000,375500,47395,0.0,-9642.0,-771.0,708.0,9705.0,0.0,3435.0,6.18,36512.0,0.0
2025-04-24,360000,380000,358000,375500,91011,4.888268156424581,-3031.0,-66.0,-17503.0,20600.0,0.0,4074.0,3.61,37535.0,0.0
2025-04-23,361500,362000,353000,358000,45347,-0.1394700139470014,-1216.0,-362.0,-2061.0,3639.0,0.0,1468.0,2.82,37533.0,0.0
2025-04-22,359500,367500,354000,358500,96781,-0.9668508287292816,-1165.0,-1399.0,404.0,2160.0,0.0,3922.0,3.69,38393.0,0.0
2025-04-21,365000,366000,357500,362000,62857,-1.4965986394557822,-12167.0,2298.0,3122.0,6747.0,0.0,2440.0,3.51,38485.0,0.0
2025-04-18,360000,367500,360000,367500,37940,1.3793103448275863,-2216.0,-542.0,1455.0,1303.0,0.0,2147.0,4.68,38550.0,0.0
2025-04-17,363000,366500,358500,362500,45526,0.8344923504867872,-56.0,685.0,-11467.0,10838.0,0.0,1909.0,3.29,39140.0,0.0
2025-04-16,363000,370500,356500,359500,63646,-1.9099590723055933,-17707.0,-153.0,758.0,17102.0,0.0,6216.0,8.39,40223.0,0.0
2025-04-15,370000,374000,357500,366500,61350,0.1366120218579235,-10788.0,32.0,5906.0,4850.0,0.0,7302.0,9.9,41314.0,0.0
2025-04-14,369500,371000,361000,366000,48582,0.0,2488.0,-412.0,3161.0,-5237.0,0.0,6386.0,11.32,41981.0,0.0
2025-04-11,346000,369000,344000,366000,74403,5.0215208034433285,11558.0,-369.0,-6823.0,-4366.0,0.0,2241.0,2.42,42258.0,0.0
2025-04-10,342000,351500,334000,348500,164728,8.566978193146417,20542.0,1827.0,-7543.0,-14826.0,0.0,13179.0,7.31,42094.0,0.0
2025-04-09,317000,329000,314000,321000,91826,0.3125,-7370.0,570.0,13490.0,-6690.0,0.0,5725.0,5.38,41265.0,0.0
2025-04-08,322000,322500,310500,320000,70693,2.564102564102564,1278.0,1814.0,6234.0,-9326.0,0.0,2994.0,3.71,42389.0,0.0
2025-04-07,318000,322500,308000,312000,126780,-7.004470938897168,-40395.0,555.0,11663.0,28177.0,0.0,4607.0,3.14,43125.0,0.0
2025-04-04,335000,346500,328500,335500,82647,-1.1782032400589102,-4622.0,1308.0,-9217.0,12531.0,0.0,4175.0,4.41,49154.0,0.0
2025-04-03,341000,346500,336500,339500,71749,-2.861230329041488,5158.0,360.0,3800.0,-9318.0,0.0,3768.0,4.6,49216.0,0.0
2025-04-02,350000,356500,347500,349500,60997,-0.1428571428571428,8865.0,55.0,2432.0,-11352.0,0.0,637.0,0.91,49891.0,0.0
2025-04-01,333500,355000,329500,350000,162472,5.421686746987952,74331.0,2143.0,-3296.0,-73178.0,0.0,18731.0,10.59,50086.0,0.0
2025-03-31,334500,340000,325000,332000,78685,-1.6296296296296295,28054.0,199.0,-10286.0,-17967.0,0.0,3819.0,4.48,46616.0,0.0
2025-03-28,334500,337500,327000,337500,43550,1.6566265060240966,5413.0,-914.0,-1120.0,-3379.0,0.0,360.0,0.83,44153.0,0.0
2025-03-27,335000,341500,328500,332000,48675,-1.6296296296296295,5210.0,-671.0,-7181.0,2642.0,0.0,144.0,0.3,45629.0,0.0
2025-03-26,322000,337500,310500,337500,79936,5.633802816901409,20693.0,-66.0,-18776.0,-1851.0,0.0,43.0,0.05,44806.0,0.0
2025-03-25,326000,327000,315000,319500,78596,-2.293577981651376,13643.0,281.0,2410.0,-16334.0,0.0,537.0,0.68,45116.0,0.0
2025-03-24,324000,338000,323000,327000,51249,0.0,9842.0,577.0,475.0,-10894.0,0.0,722.0,1.41,48261.0,0.0
2025-03-21,322000,327000,315000,327000,49220,2.3474178403755865,8925.0,-4497.0,-5725.0,1297.0,0.0,1112.0,2.26,48625.0,0.0
2025-03-20,316500,322000,310000,319500,75286,1.4285714285714286,14043.0,-564.0,12026.0,-25505.0,0.0,522.0,0.69,49101.0,0.0
2025-03-19,330000,330500,314500,315000,76298,-4.10958904109589,305.0,-2294.0,21595.0,-19606.0,0.0,226.0,0.3,49671.0,0.0
2025-03-18,327000,334000,318000,328500,52504,0.7668711656441718,4751.0,458.0,-9415.0,4206.0,0.0,419.0,0.8,50910.0,0.0
2025-03-17,340000,345000,324000,326000,95057,-2.831594634873324,-10456.0,1442.0,8415.0,599.0,0.0,1102.0,1.16,50813.0,0.0
2025-03-14,324500,336500,323500,335500,69054,3.389830508474576,1371.0,189.0,-3082.0,1522.0,0.0,499.0,0.72,51786.0,0.0
2025-03-13,328500,330000,320000,324500,112471,-1.0670731707317074,-13047.0,-466.0,4755.0,8758.0,0.0,625.0,0.56,51814.0,0.0
2025-03-12,315000,332000,314500,328000,88296,2.9827315541601256,1315.0,926.0,-3781.0,1540.0,0.0,1180.0,1.34,50385.0,0.0
2025-03-11,308000,320500,307000,318500,71091,0.631911532385466,624.0,-30.0,-1995.0,1401.0,0.0,2799.0,3.94,52185.0,0.0
2025-03-10,303000,321000,302000,316500,96656,3.7704918032786887,7495.0,185.0,-1885.0,-5795.0,0.0,3598.0,3.72,50730.0,0.0
2025-03-07,321500,321500,303500,305000,126663,-6.153846153846154,-7367.0,-451.0,12047.0,-4229.0,0.0,70.0,0.06,46106.0,0.0
2025-03-06,315000,325500,310000,325000,81834,2.6856240126382307,-8111.0,-780.0,1264.0,7627.0,0.0,3978.0,4.86,40452.0,0.0
2025-03-05,314000,327500,313000,316500,139702,1.1182108626198082,-11606.0,272.0,5318.0,6016.0,0.0,1224.0,0.88,40050.0,0.0
2025-03-04,299500,316000,293000,313000,208896,7.560137457044673,19163.0,-1708.0,-16975.0,-480.0,0.0,546.0,0.26,41051.0,0.0
2025-02-28,297500,301000,290000,291000,76486,-3.322259136212625,4282.0,-1573.0,5621.0,-8330.0,0.0,1166.0,1.52,41128.0,0.0
2025-02-27,295000,301500,289500,301000,78100,2.380952380952381,4803.0,-1610.0,-1931.0,-1262.0,0.0,1623.0,2.08,40890.0,0.0
2025-02-26,289500,299500,287500,294000,93392,2.6178010471204187,2296.0,515.0,-8832.0,6021.0,0.0,1228.0,1.31,41086.0,0.0
2025-02-25,280500,287000,276500,286500,92425,1.2367491166077738,2651.0,-62.0,-3067.0,478.0,0.0,4209.0,4.55,41119.0,0.0
2025-02-24,284000,294000,281000,283000,76566,-1.7361111111111112,-14103.0,-284.0,14980.0,-593.0,0.0,4078.0,5.33,43038.0,0.0
2025-02-21,279500,289500,278000,288000,105756,4.3478260869565215,10612.0,104.0,-15866.0,5150.0,0.0,9946.0,9.4,45154.0,0.0
2025-02-20,287500,290000,275000,276000,105013,-2.6455026455026456,-3213.0,-4421.0,-13931.0,21565.0,0.0,3170.0,3.02,45066.0,0.0
2025-02-19,293500,293500,272500,283500,222171,-3.735144312393888,9947.0,-653.0,-21012.0,11718.0,0.0,2646.0,1.19,45186.0,0.0
2025-02-18,289500,297000,284500,294500,80635,2.6132404181184667,10975.0,627.0,-10265.0,-1337.0,0.0,370.0,0.46,40764.0,0.0
2025-02-17,280000,290500,279000,287000,54210,0.1745200698080279,6127.0,-221.0,-12831.0,6925.0,0.0,476.0,0.88,39684.0,0.0
2025-02-14,273000,289500,273000,286500,114667,5.137614678899083,4527.0,350.0,-19267.0,14390.0,0.0,488.0,0.43,39440.0,0.0
2025-02-13,282500,282500,271500,272500,122735,-3.5398230088495577,-5443.0,294.0,-5441.0,10590.0,0.0,474.0,0.39,39364.0,0.0
2025-02-12,285000,288500,280000,282500,67299,-0.7029876977152899,5342.0,197.0,-3982.0,-1557.0,0.0,206.0,0.31,33485.0,0.0
2025-02-11,282000,294000,280000,284500,247170,4.021937842778794,18857.0,-2117.0,-23076.0,6336.0,0.0,1079.0,0.44,36914.0,0.0
2025-02-10,265000,278000,263500,273500,181742,2.819548872180451,651.0,263.0,-24257.0,23343.0,0.0,999.0,0.55,36820.0,0.0
2025-02-07,269500,269500,262000,266000,100403,-1.6635859519408502,-5294.0,-1068.0,10799.0,-4437.0,0.0,2397.0,2.39,36269.0,0.0
2025-02-06,252500,272000,250000,270500,180092,6.91699604743083,18167.0,-415.0,-57906.0,40154.0,0.0,2154.0,1.2,36144.0,0.0
2025-02-05,251500,255500,249000,253000,80403,1.2,6354.0,379.0,-16505.0,9772.0,0.0,320.0,0.4,36113.0,0.0
2025-02-04,244500,253000,244000,250000,100713,2.6694045174537986,7102.0,-298.0,-23222.0,16418.0,0.0,2065.0,2.05,35379.0,0.0
2025-02-03,236500,247500,235500,243500,70076,0.8281573498964804,16898.0,-234.0,-19940.0,3276.0,0.0,1377.0,1.97,34601.0,0.0
2025-01-31,243000,245000,233500,241500,104368,-0.8213552361396305,-2085.0,22.0,-5122.0,7185.0,0.0,108.0,0.1,33624.0,0.0
2025-01-24,241000,246500,238000,243500,68842,1.0373443983402488,9394.0,560.0,-3653.0,-6301.0,0.0,504.0,0.73,30479.0,0.0
2025-01-23,246000,246500,237500,241000,107386,-2.032520325203252,-24662.0,-428.0,-3010.0,28100.0,0.0,842.0,0.78,28313.0,0.0
2025-01-22,250000,250500,242500,246000,97518,-0.4048582995951417,1963.0,20.0,-3429.0,1446.0,0.0,417.0,0.43,25198.0,0.0
2025-01-21,248000,253500,245000,247000,105389,0.8163265306122449,240.0,-333.0,-26960.0,27053.0,0.0,388.0,0.37,25343.0,0.0
2025-01-20,263500,265500,243000,245000,273917,-7.020872865275142,-13992.0,-8157.0,74054.0,-51905.0,0.0,244.0,0.09,26988.0,0.0
2025-01-17,260000,267500,259000,263500,149801,2.131782945736434,4891.0,-1727.0,-33804.0,30640.0,0.0,115.0,0.08,35206.0,0.0
2025-01-16,253000,262000,249500,258000,137442,2.9940119760479043,15203.0,504.0,-37238.0,21531.0,0.0,303.0,0.22,36863.0,0.0
2025-01-15,252000,263000,248000,250500,139071,-0.5952380952380952,181.0,-1124.0,-5748.0,6691.0,0.0,269.0,0.19,37276.0,0.0
2025-01-14,248500,256000,244000,252000,96446,1.818181818181818,7106.0,1506.0,-7044.0,-1568.0,0.0,59.0,0.06,37786.0,0.0
2025-01-13,246000,254000,245500,247500,100299,-1.394422310756972,-584.0,-767.0,-6852.0,8203.0,0.0,1601.0,1.6,35969.0,0.0
2025-01-10,250000,253000,241000,251000,130383,-0.198807157057654,-21111.0,862.0,12580.0,7669.0,0.0,411.0,0.32,32506.0,0.0
2025-01-09,249000,252500,247000,251500,115581,0.0,-24932.0,-560.0,-5265.0,30757.0,0.0,566.0,0.49,34171.0,0.0
2025-01-08,256000,257000,247500,251500,89941,-2.3300970873786406,-10421.0,368.0,14775.0,-4722.0,0.0,1426.0,1.59,34360.0,0.0
2025-01-07,252500,261000,250000,257500,89596,1.98019801980198,-3630.0,426.0,-20883.0,24087.0,0.0,1015.0,1.13,34187.0,0.0
2025-01-06,257000,258500,246000,252500,190650,-3.071017274472169,-33740.0,81.0,30475.0,3184.0,0.0,209.0,0.11,33936.0,0.0
2025-01-03,260000,262000,251000,260500,151304,0.0,-20802.0,486.0,-7322.0,27638.0,0.0,64.0,0.04,35134.0,0.0
2025-01-02,262000,273500,255500,260500,124127,-0.7619047619047619,-4533.0,-1146.0,7636.0,-1957.0,0.0,127.0,0.1,34733.0,0.0
2024-12-30,254500,266500,253000,262500,98520,2.73972602739726,1574.0,-1823.0,-13103.0,13352.0,0.0,253.0,0.26,37258.0,0.0
2024-12-27,262500,267500,252000,255500,112048,-2.666666666666667,-18329.0,-1577.0,17979.0,1927.0,0.0,443.0,0.4,34637.0,0.0
2024-12-26,269500,269500,256000,262500,134001,-1.50093808630394,19210.0,-1336.0,2417.0,-20291.0,0.0,367.0,0.27,33651.0,0.0
2024-12-24,256500,270000,254500,266500,127616,3.898635477582846,6718.0,-150.0,3827.0,-10395.0,0.0,675.0,0.53,31342.0,0.0
2024-12-23,256000,260000,249500,256500,76157,1.183431952662722,6434.0,671.0,-8332.0,1227.0,0.0,272.0,0.36,29120.0,0.0
2024-12-20,256500,263000,251000,253500,88393,-1.9342359767891684,-4217.0,-804.0,-177.0,5198.0,0.0,536.0,0.61,24421.0,0.0
2024-12-19,246000,265000,246000,258500,157276,2.376237623762376,2571.0,3219.0,-10727.0,4937.0,0.0,1002.0,0.64,18150.0,0.0
2024-12-18,256500,257500,246000,252500,118081,-2.697495183044316,1115.0,1570.0,5190.0,-7875.0,0.0,399.0,0.34,13413.0,0.0
2024-12-17,254000,265500,253000,259500,110189,1.3671875,1470.0,75.0,1011.0,-2556.0,0.0,1611.0,1.46,13539.0,0.0
2024-12-16,262500,267000,254500,256000,266046,4.489795918367347,-19020.0,-3328.0,24144.0,-1796.0,0.0,1508.0,0.57,13418.0,0.0
2024-12-13,231000,248500,229500,245000,188884,5.831533477321814,-7911.0,123.0,3450.0,4338.0,0.0,589.0,0.31,12644.0,0.0
2024-12-12,234500,237000,227500,231500,144449,-0.2155172413793103,-19185.0,844.0,6109.0,12232.0,0.0,3924.0,2.72,13257.0,0.0
2024-12-11,238500,242500,230500,232000,127898,-3.333333333333333,-1751.0,2430.0,3197.0,-3876.0,0.0,363.0,0.28,12315.0,0.0
2024-12-10,214500,240000,212500,240000,235243,13.47517730496454,37716.0,3863.0,-37604.0,-3975.0,0.0,2487.0,1.06,12155.0,0.0
2024-12-09,206500,215000,206000,211500,140068,-0.936768149882904,17557.0,-516.0,-16896.0,-145.0,0.0,728.0,0.52,12155.0,0.0
2024-12-06,218500,218500,201500,213500,245389,-2.733485193621868,27061.0,1089.0,-11191.0,-16959.0,0.0,175.0,0.07,13573.0,0.0
2024-12-05,215500,227500,213500,219500,150610,1.152073732718894,11627.0,197.0,-1478.0,-10346.0,0.0,96.0,0.06,18862.0,0.0
2024-12-04,214000,223000,212500,217000,135497,-1.1389521640091116,11385.0,-2270.0,-14686.0,5571.0,0.0,514.0,0.38,15717.0,0.0
2024-12-03,215500,222000,212000,219500,113364,2.810304449648712,2367.0,1915.0,19317.0,-23599.0,0.0,3999.0,3.53,13921.0,0.0
2024-12-02,201500,216500,200500,213500,138937,7.828282828282829,4062.0,433.0,-20460.0,15965.0,0.0,161.0,0.12,14255.0,0.0
2024-11-29,202500,207000,198000,198000,85788,-3.1784841075794623,-9274.0,1726.0,-657.0,8205.0,0.0,353.0,0.41,22979.0,0.0
2024-11-28,207000,212000,201000,204500,69802,-1.207729468599034,5073.0,-546.0,4991.0,-9518.0,0.0,175.0,0.25,23232.0,0.0
2024-11-27,195300,212000,194000,207000,147472,5.504587155963304,-3464.0,248.0,-16098.0,19314.0,0.0,135.0,0.09,23065.0,0.0
2024-11-26,199300,205000,192100,196200,138786,-1.8509254627313656,-27273.0,-4109.0,12393.0,18989.0,0.0,118.0,0.09,29918.0,0.0
2024-11-25,196600,202000,192800,199900,94997,0.7560483870967742,-3614.0,1536.0,1602.0,476.0,0.0,223.0,0.23,33817.0,0.0
2024-11-22,200000,207000,196100,198400,92768,-0.8,215.0,335.0,-8129.0,7579.0,0.0,101.0,0.11,33411.0,0.0
2024-11-21,199400,201000,192000,200000,115919,-0.4975124378109453,-770.0,-334.0,-873.0,1977.0,0.0,308.0,0.27,36228.0,0.0
2024-11-20,195900,204500,191600,201000,168541,2.603369065849924,-8256.0,386.0,-37594.0,45464.0,0.0,185.0,0.11,37563.0,0.0
2024-11-19,208500,208500,195100,195900,261873,-5.590361445783133,-37040.0,-53.0,-20577.0,57670.0,0.0,140.0,0.05,45881.0,0.0
2024-11-18,217000,220000,206000,207500,109958,-5.251141552511415,-19882.0,-1927.0,38302.0,-16493.0,0.0,287.0,0.26,45999.0,0.0
2024-11-15,206500,221500,205500,219000,122419,4.285714285714286,16059.0,514.0,3679.0,-20252.0,0.0,178.0,0.15,45765.0,0.0
2024-11-14,223000,229000,205000,210000,244811,-4.10958904109589,-8488.0,-430.0,16931.0,-8013.0,0.0,429.0,0.18,49453.0,0.0
2024-11-13,216500,225500,208000,219000,279181,2.336448598130841,13245.0,2112.0,3626.0,-18983.0,0.0,662.0,0.24,51155.0,0.0
2024-11-12,221500,222000,208000,214000,142774,-3.3860045146726865,-3760.0,-2021.0,-33138.0,38919.0,0.0,1118.0,0.78,60919.0,0.0
2024-11-11,216000,225000,215500,221500,108296,1.141552511415525,3529.0,-1117.0,-31894.0,29482.0,0.0,337.0,0.31,61095.0,0.0
2024-11-08,225000,229500,212500,219000,206505,-1.7937219730941705,-1326.0,-2983.0,-23207.0,27516.0,0.0,198.0,0.1,61646.0,0.0
2024-11-07,235500,236500,223000,223000,127563,-5.3078556263269645,-4565.0,-590.0,17534.0,-12379.0,0.0,433.0,0.34,61759.0,0.0
2024-11-06,226000,235500,224000,235500,144033,4.89977728285078,-1954.0,-754.0,-23908.0,26616.0,0.0,1356.0,0.94,62289.0,0.0
2024-11-05,228000,231000,223500,224500,75350,-0.8830022075055187,-7461.0,-571.0,3782.0,4250.0,0.0,275.0,0.36,62573.0,0.0
2024-11-04,215000,228500,209500,226500,186366,6.338028169014084,-20557.0,2634.0,6819.0,11104.0,0.0,3877.0,2.08,62546.0,0.0
2024-11-01,221500,222000,211500,213000,185480,-5.543237250554324,-23276.0,-5710.0,-16833.0,45819.0,0.0,3487.0,1.88,62357.0,0.0
2024-10-31,233000,233000,218000,225500,169413,-3.632478632478633,-24876.0,-331.0,27279.0,-2072.0,0.0,1800.0,1.06,62019.0,0.0
2024-10-30,234500,241500,233500,234000,116627,-0.2132196162046908,-7747.0,-1072.0,-4170.0,12989.0,0.0,1902.0,1.63,61756.0,0.0
2024-10-29,231000,234500,228000,234500,98467,0.6437768240343348,-10553.0,606.0,-17155.0,27102.0,0.0,3571.0,3.63,61810.0,0.0
2024-10-28,234000,234500,226000,233000,92572,0.0,-11886.0,662.0,2438.0,8786.0,0.0,3344.0,3.61,61050.0,0.0
2024-10-25,230000,237500,229500,233000,128953,1.5250544662309369,-18478.0,-2509.0,-3694.0,24681.0,0.0,2024.0,1.57,61086.0,0.0
2024-10-24,224500,229500,221000,229500,70384,1.3245033112582782,-768.0,-1832.0,-20105.0,22705.0,0.0,474.0,0.67,61449.0,0.0
2024-10-23,230500,231000,218500,226500,218763,-1.735357917570499,-11560.0,-2098.0,-1672.0,15330.0,0.0,1606.0,0.73,65223.0,0.0
2024-10-22,227000,238000,225000,230500,179817,1.7660044150110374,-12259.0,-1483.0,-25412.0,39154.0,0.0,2616.0,1.45,60092.0,0.0
2024-10-21,228500,229500,222000,226500,75820,-0.2202643171806167,2358.0,577.0,-4482.0,1547.0,0.0,889.0,1.17,63786.0,0.0
2024-10-18,226500,230000,221500,227000,78694,0.8888888888888888,-9411.0,-8.0,-5724.0,15143.0,0.0,1881.0,2.39,62499.0,0.0
2024-10-17,224500,226500,219000,225000,83004,0.4464285714285714,-3843.0,-1442.0,-3824.0,9109.0,0.0,131.0,0.16,60277.0,0.0
2024-10-16,225000,232000,222500,224000,150720,-0.4444444444444444,-6148.0,-214.0,11990.0,-5628.0,0.0,1458.0,0.97,61219.0,0.0
2024-10-15,215500,227000,212500,225000,175688,4.651162790697675,-7795.0,1395.0,-6092.0,12492.0,0.0,1801.0,1.03,60231.0,0.0
2024-10-14,213000,215000,205000,215000,107672,1.4150943396226416,-6452.0,-7.0,-4324.0,10783.0,0.0,1307.0,1.21,58950.0,0.0
2024-10-11,213500,217500,209500,212000,86668,-0.2352941176470588,-4438.0,879.0,1587.0,1972.0,0.0,3903.0,4.5,57956.0,0.0
2024-10-10,215000,215000,205000,212500,118489,2.1634615384615383,-10006.0,864.0,-140.0,9282.0,0.0,2072.0,1.75,58246.0,0.0
2024-10-08,213000,216000,208000,208000,102968,-3.0303030303030303,-1731.0,378.0,8501.0,-7148.0,0.0,1749.0,1.7,63453.0,0.0
2024-10-07,204000,214500,201000,214500,260882,6.7164179104477615,8483.0,-1563.0,-55835.0,48915.0,0.0,1492.0,0.57,63914.0,0.0
